Workbook

Sheet Escenario Base
A1: # | B1: KPIs
A2: 1 | B2: Número total que ingresan | C2: 306
A3: 2 | B3: Número total que salen del sistema | C3: 247
A4: 3 | B4: Tiempo promedio total en el sistema (horas) | C4: 0.26
A5: 4 | B5: Longitud promedio de cola Dulcería | C5: =0.1479+0.4375+0.3681+2.9049+5.4239+7.4811 -> 16.7634
A6: 5 | B6: Longitud máx de cola dulcería | C6: =2+4+4+9+11+12 -> 42
A7: 6 | B7: Longitud promedio de cola Ticketera | C7: =0.5576+2.0245+3.8575+4.2603 -> 10.6999
A8: 7 | B8: Longitu máx de cola Ticketera | C8: =5+9+7+7 -> 28
A9: 8 | B9: Indice de congestion ((Tiempo total en cola /Tiempo prom en el sistema) * 100) | C9: =(R11/C4) -> 1.5056731
D10: AuxiliarDulceria1 | E10: AuxiliarDulceria2 | F10: AuxiliarDulceria3 | G10: AuxiliarTicket1 | H10: AuxiliarTicket2 | I10: Complementos | J10: CompraTicket1 | K10: CompraTicket2 | L10: Dulcería1 | M10: Dulcería2 | N10: Dulceria3 | O10: Revision | P10: Prom Ticketera | Q10: Prom Dulceria | R10: Total
A11: 9 | B11: Tiempo promedio de espera en cola | C11: Horas | D11: 0.0221 | E11: 0.0515 | F11: 0.0368 | G11: 0.0286 | H11: 0.1094 | I11: 0.1745 | J11: 0.1104 | K11: 0.1121 | L11: 0.1201 | M11: 0.2326 | N11: 0.2956 | O11: 0.0004 | P11: =($G$11+$H$11+$J$11+$K$11)/4 -> 0.090125 | Q11: =($D$11+$E$11+$F$11+$L$11+$M$11+$N$11)/6 -> 0.12645 | R11: =P11+Q11+O11+I11 -> 0.391475
C12: Minutos | D12: =D11*60 -> 1.326 | E12: =E11*60 -> 3.09 | F12: =F11*60 -> 2.208 | G12: =G11*60 -> 1.716 | H12: =H11*60 -> 6.564 | I12: =I11*60 -> 10.47 | J12: =J11*60 -> 6.624 | K12: =K11*60 -> 6.726 | ... R12: =R11*60 -> 23.4885
A13: 10 | B13: Utilización de Servidores | D13: 0.2752 | E13: 0.408082 | F13: 0.441816 | G13: 0.490793 | H13: 0.639065 | I13: 0.621921 | J13: 0.954318 | K13: 0.99207 | L13: 0.872506 | M13: 0.959872 | N13: 0.962774 | O13: 0.250841 | R13: =SUM(D13:O13) -> 7.869258 | S13: =R13/12 -> 0.6557715
A15: 1 | E15: 6
A20: 2
E21: 7
A23: 3
A28: 4 | E28: 9
A36: 5
E41: 10

Sheet Escenario1
A1: # | B1: KPIs
A2: 1 | B2: Número total que ingresan | C2: 299
A3: 2 | B3: Número total que salen del sistema | C3: 247
A4: 3 | B4: Tiempo promedio total en el sistema (horas) | C4: 0.1552 | D4: 9.32 min
A5: 4 | B5: Longitud promedio de cola Dulcería | C5: =D24 -> 14.3363
A6: 5 | B6: Longitud máx de cola dulcería | C6: =1+1+13+11+11 -> 37
A7: 6 | B7: Longitud promedio de cola Ticketera | C7: =0.6109+0.2746+0.391+0.5552 -> 1.8317 | D7: 2 personas
A8: 7 | B8: Longitu máx de cola Ticketera | C8: =5+2+3+5 -> 15
A9: 8 | B9: Indice de congestion ((Tiempo total en cola /Tiempo prom en el sistema) * 100) | C9: =(Q37/C4) -> 1.1481959
C10: AuxiliarDulceria1 | D10: AuxiliarDulceria2 | E10: AuxiliarDulceria3 | F10: AuxiliarTicket1 | G10: AuxiliarTicket2 | H10: Complementos | I10: CompraTicket1 | J10: CompraTicket2 | K10: Dulcería1 | L10: Dulcería2 | M10: Dulceria3 | N10: Revision | O10: Prom Ticketera | P10: Prom Dulceria | Q10: Total
A11: 9 | B11: Tiempo promedio de espera en cola (Horas) | C11: 0 | D11: 0.008 | E11: 0 | F11: 0.0286 | G11: 0.0098 | H11: 0.1745 | I11: 0.1104 | J11: 0.1121 | K11: 0.1201 | L11: 0.2326 | M11: 0.2956 | N11: 0.0004 | O11: =($F$11+$G$11+$I$11+$J$11)/4 -> 0.065225 | P11: =($C$11+$D$11+$E$11+$K$11+$L$11+$M$11)/6 -> 0.10938333 | Q11: =O11+P11+N11+H11 -> 0.34950833
A12: 10 | B12: Utilización de Servidores | Q12: =G53 -> 656.563 | R12: utilización
R13: =Q12/12 -> 54.713583
A14: 1 | E14: 6 | R14: 55% utilización del sistema
M15: =0.6109+0.2746+0.391+0.5552 -> 1.8317 | S15: promedio.
A19: 2
E20: 7
A22: 3
D24: =0.0031+0.0002+3.6393+7.3655+3.3282 -> 14.3363
A27: 4 | E27: 9
O31: Com | P31: 0.0231
O32: Revi
O33: Prom Ticket
O34: Prom Dul
A35: 5
D36: =1+1+13+11+11 -> 37
Q37: 0.1782
E39: 10
G53: =15.2576 + 13.0943 + 14.0875 + 62.0606 + 54.2908 + 69.8383 + 60.014 + 59.3847 + 87.6328 + 95.9634 + 97.6969 + 27.2421 -> 656.563

Sheet Escenario 2
A1: # | B1: KPIs
A2: 1 | B2: Número total que ingresan | C2: 308
A3: 2 | B3: Número total que salen del sistema | C3: 261
A4: 3 | B4: Tiempo promedio total en el sistema (horas) | C4: 0.182 | D4: =C4*60 -> 10.92 | E4: min
A5: 4 | B5: Longitud promedio de cola Dulcería | C5: =0.4206+5.3208+2.982 -> 8.7234 | D5: En linea | E5: =0.4553+0.5439 -> 0.9992
A6: 5 | B6: Longitud máx de cola dulcería | C6: =3+9+7 -> 19 | D6: En linea | E6: =4+4 -> 8
A7: 6 | B7: Longitud promedio de cola Ticketera | C7: =0.0839+0.3223+3.9481+3.5208 -> 7.8751
A8: 7 | B8: Longitu máx de cola Ticketera | C8: =2+4+7+7 -> 20 | F8: Minutos
A9: 8 | B9: Indice de congestion ((Tiempo total en cola /Tiempo prom en el sistema) * 100) | C9: =T11/C4 -> 1.5217033 | F9: =F11*60 -> 0.42 | G9: =G11*60 -> 1.842 | H9: =H11*60 -> 3.012 | I9: =I11*60 -> 6.732 | J9: =J11*60 -> 6.63 | K9: =K11*60 -> 1.758 | L9: =L11*60 -> 13.986 | M9: =M11*60 -> 9.438 | ... T9: =T11*60 -> 16.617
C10: AuxiliarDulceria1 | D10: AuxiliarDulceria2 | E10: AuxiliarDulceria3 | F10: AuxiliarTicket1 | G10: AuxiliarTicket2 | H10: Complementos | I10: CompraTicket1 | J10: CompraTicket2 | K10: Dulcería1 | L10: Dulcería2 | M10: Dulceria3 | N10: Revision | O10: DulceriaConTicket1 | P10: DulceriaConTicket2 | Q10: Prom Ticketera | R10: Prom Dulceria | S10: Prom DulceriaLinea | T10: Total
A11: 9 | B11: Tiempo promedio de espera en cola (Horas) | C11: - | D11: - | E11: - | F11: 0.007 | G11: 0.0307 | H11: 0.0502 | I11: 0.1122 | J11: 0.1105 | K11: 0.0293 | L11: 0.2331 | M11: 0.1573 | N11: 0.0004 | O11: 0.0197 | P11: 0.023 | Q11: =(F11+G11+I11+J11)/4 -> 0.0651 | R11: =(K11+L11+M11)/3 -> 0.1399 | S11: =(O11+P11)/2 -> 0.02135 | T11: =S11+R11+Q11+N11+H11 -> 0.27695
A12: 10 | B12: Utilización de Servidores | C12: - | D12: - | E12: - | F12: 0.32122 | G12: 0.341674 | H12: 0.797878 | I12: 0.943317 | J12: 0.882688 | K12: 0.601442 | L12: 0.945494 | M12: 0.882457 | N12: 0.260883 | O12: 0.601659 | P12: 0.689222 | T12: =SUM(C12:P12) -> 7.267934
A15: 1 | E15: 6
A20: 2
E22: 7
A23: 3
A26: 4
E28: 9
A33: 5
E42: 10

Sheet Escenario 3
A1: # | B1: KPIs | D1: Minutos
A2: 1 | B2: Número total que ingresan | C2: 292
A3: 2 | B3: Número total que salen del sistema | C3: 259
A4: 3 | B4: Tiempo promedio total en el sistema (horas) | C4: 0.1398 | D4: =C4*60 -> 8.388
A5: 4 | B5: Longitud promedio de cola Dulcería | C5: =0.5894+1.5221+0.3542+0.2126+0.599+1.9621 -> 5.2394
A6: 5 | B6: Longitud máx de cola dulcería | C6: =4+7+3+2+3+7 -> 26
A7: 6 | B7: Longitud promedio de cola Ticketera | C7: =0.8835+1.2027+1.5559+0.3535 -> 3.9956
A8: 7 | B8: Longitu máx de cola Ticketera | C8: =3+4+5+2 -> 14 | E8: minutos
A9: 8 | B9: Indice de congestion (Tiempo total en cola /Tiempo prom en el sistema) | C9: =U11/C4 -> 0.74010491 | E9: =E11*60 -> 0.474 | F9: =F11*60 -> 1.842 | G9: =G11*60 -> 1.818 | H9: =H11*60 -> 2.712 | I9: =I11*60 -> 3.336 | J9: =J11*60 -> 0.774 | K9: =K11*60 -> 2.166 | L9: =L11*60 -> 5.196 | ... U9: =U11*60 -> 6.208
E10: Complemet1 | F10: Complement2 | G10: Ticket1 | H10: Ticket2 | I10: Ticket 3 | J10: Ticket4 | K10: Dulceria1 | L10: Dulceria2 | M10: Dulceria3 | N10: Dulceria4 | O10: Dulceria5 | P10: Dulceria6 | Q10: Revision | R10: Prom Complet | S10: Prom Ticketera | T10: Prom Dulceria | U10: Total
A11: 9 | B11: Tiempo promedio de espera en cola (Horas) | C11: =U11 -> 0.10346667 | D11: =C11*60 -> 6.208 | E11: 0.0079 | F11: 0.0307 | G11: 0.0303 | H11: 0.0452 | I11: 0.0556 | J11: 0.0129 | K11: 0.0361 | L11: 0.0866 | M11: 0.022 | N11: 0.0138 | O11: 0.0369 | P11: 0.0912 | Q11: 0.0004 | R11: =(E11+F11)/2 -> 0.0193 | S11: =(SUM(G11:J11))/4 -> 0.036 | T11: =(SUM(K11:P11))/6 -> 0.047766667 | U11: =SUM(Q11:T11) -> 0.10346667
A12: 10 | B12: Utilización de Servidores | C12: =SUM(E12:Q12) -> 8.5307 | E12: 0.3762 | F12: 0.5499 | G12: 0.8163 | H12: 0.84 | I12: 0.8252 | J12: 0.7699 | K12: 0.5705 | L12: 0.615 | M12: 0.7028 | N12: 0.6338 | O12: 0.6798 | P12: 0.8784 | Q12: 0.2729
A14: 1 | E14: 9
A17: 2
A20: 3
A22: 4
E28: 10
A29: 5
A36: 6
A41: 7

Sheet Tabla Resumen
B2: # | C2: KPIs | D2: Escenario Base | E2: Escenario 1 | F2: Escenario 2 | G2: Escenario 3
B3: 1 | C3: Número total que ingresan | D3: ='Escenario Base'!C2 -> 306 | E3: =Escenario1!C2 -> 299 | F3: ='Escenario 3'!C2 -> 292 | G3: ='Escenario 3'!C2 -> 292
B4: 2 | C4: Número total que salen del sistema | D4: ='Escenario Base'!C3 -> 247 | E4: =Escenario1!C3 -> 247 | F4: ='Escenario 2'!C3 -> 261 | G4: ='Escenario 3'!C3 -> 259
B5: 3 | C5: Tiempo promedio total en el sistema (horas) | D5: ='Escenario Base'!C4 -> 0.26 | E5: =Escenario1!C4 -> 0.1552 | F5: ='Escenario 2'!C4 -> 0.182 | G5: ='Escenario 3'!C4 -> 0.1398
B6: 4 | C6: Longitud promedio de cola Dulcería | D6: ='Escenario Base'!C5 -> 16.7634 | E6: =Escenario1!C5 -> 14.3363 | F6: ='Escenario 2'!C5 -> 8.7234 | G6: ='Escenario 3'!C5 -> 5.2394
B7: 5 | C7: Longitud máx de cola dulcería | D7: ='Escenario Base'!C6 -> 42 | E7: =Escenario1!C6 -> 37 | F7: ='Escenario 2'!C6 -> 19 | G7: ='Escenario 3'!C6 -> 26
B8: 6 | C8: Longitud promedio de cola Ticketera | D8: ='Escenario Base'!C7 -> 10.6999 | E8: =Escenario1!C7 -> 1.8317 | F8: ='Escenario 2'!C7 -> 7.8751 | G8: ='Escenario 3'!C7 -> 3.9956
B9: 7 | C9: Longitu máx de cola Ticketera | D9: ='Escenario Base'!C8 -> 28 | E9: =Escenario1!C8 -> 15 | F9: ='Escenario 2'!C8 -> 20 | G9: ='Escenario 3'!C8 -> 14
B10: 8 | C10: Indice de congestion | D10: ='Escenario Base'!C9 -> 1.5056731 | E10: =Escenario1!C9 -> 1.1481959 | F10: ='Escenario 2'!$C$9 -> 1.5217033 | G10: ='Escenario 3'!C9 -> 0.74010491
B11: 9 | C11: Tiempo promedio de espera en cola (Horas) | D11: ='Escenario Base'!R11 -> 0.391475 | E11: =Escenario1!Q11 -> 0.34950833 | F11: ='Escenario 2'!$T$11 -> 0.27695 | G11: ='Escenario 3'!C11 -> 0.10346667
B12: 10 | C12: Utilización de Servidores | D12: ='Escenario Base'!R13 -> 7.869258 | E12: =Escenario1!Q12 -> 656.563 | F12: ='Escenario 2'!T12 -> 7.267934 | G12: ='Escenario 3'!C12 -> 8.5307
B13: 11 | C13: Reducción de tiempo de espera | E13: =(D11-E11)/D11 -> 0.1072014 | F13: =(D11-F11)/D11 -> 0.29254742 | G13: =(D11-G11)/D11 -> 0.73570045
B14: 12 | C14: Eficiencia de atención | D14: =D4/D3 -> 0.80718954 | E14: =E4/E3 -> 0.82608696 | F14: =F4/F3 -> 0.89383562 | G14: =G4/G3 -> 0.8869863
B15: 13 | C15: Producción por hora | D15: =D4/2 -> 123.5 | E15: =E4/2 -> 123.5 | F15: =F4/2 -> 130.5 | G15: =G4/2 -> 129.5 | H15: Clientes/hora
B16: 14 | C16: Productividad por trabajador | D16: =D4/11 -> 22.454545 | E16: =E4/7 -> 35.285714 | F16: =F4/13 -> 20.076923 | G16: =G4/11 -> 23.545455
B17: 15 | C17: Ganancias | D17: =((D4*0.69)*(141))+(D4*100) -> 48730.63 | E17: =((E4*0.69)*(141))+(E4*100) -> 48730.63 | F17: =((F4*0.69)*(141))+(F4*100) -> 51492.69 | G17: =((G4*0.69)*(141))+(G4*100) -> 51098.11
